Mouse,120,1
Mouse,120,2
Mouse,120,3
Mouse,120,4
Mouse,120,5
Mouse,120,6
Mouse,120,7
Mouse,119,1
Mouse,119,2
Mouse,119,3
Mouse,119,4
Mouse,119,5
Mouse,119,6
Mouse,119,7
Mouse,118,1
Mouse,118,2
Mouse,118,3
Mouse,118,4
Mouse,118,5
Mouse,118,6
Mouse,118,7
Mouse,117,1
Mouse,117,2
Mouse,117,3
Mouse,117,4
Mouse,117,5
Mouse,117,6
Mouse,117,7
Mouse,116,1
Mouse,116,2
Mouse,116,3
Mouse,116,4
Mouse,116,5
Mouse,116,6
Mouse,116,7
Mouse,115,1
Mouse,115,2
Mouse,115,3
Mouse,115,4
Mouse,115,5
Mouse,115,6
Mouse,115,7
Mouse,114,1
Mouse,114,2
Mouse,114,3
Mouse,114,4
Mouse,114,5
Mouse,114,6
Mouse,114,7
Mouse,113,1
Mouse,113,2
Mouse,113,3
Mouse,113,4
Mouse,113,5
Mouse,113,6
Mouse,113,7
Mouse,112,1
Mouse,112,2
Mouse,112,3
Mouse,112,4
Mouse,112,5
Mouse,112,6
Mouse,112,7
Mouse,111,1
Mouse,111,2
Mouse,111,3
Mouse,111,4
Mouse,111,5
Mouse,111,6
Mouse,111,7
Mouse,110,1
Mouse,110,2
Mouse,110,3
Mouse,110,4
Mouse,110,5
Mouse,110,6
Mouse,110,7
